QID,imdb
Q8671,ev0000292/2012
Q28969,ev0000003/1982
Q41918,ev0000003/1983
Q32166,ev0000091/1984
Q63231,ev0000292/1958
Q81806,ev0000091/2003
Q81766,ev0000091/2005
Q508496,ev0000003/1930/2
Q508539,ev0000003/1931
Q127729,ev0000292/1965
Q113879,ev0000292/1996
Q109886,ev0000003/1929
Q222461,ev0000003/1993
Q427425,ev0000003/1985
Q261124,ev0000157/2009
Q319132,ev0000003/2006
Q354225,ev0000299/1992/1
Q388978,ev0000003/1976
Q431673,ev0000157/1985
Q457733,ev0000091/1995
Q472695,ev0000091/1983
Q508406,ev0000003/1942
Q543438,ev0000003/1980
Q542149,ev0000091/1960
Q571102,ev0000091/1952
Q550891,ev0000091/1977
Q550443,ev0000091/1979
Q592567,ev0000588/1956/1
Q612618,ev0000223/1981
Q670267,ev0002542/2011
Q735630,ev0000681/2004
Q765586,ev0000681/2012
Q765467,ev0002541/2009
Q841363,ev0000147/2012
Q897870,ev0000147/1979
Q897828,ev0000147/1982
Q897706,ev0000147/1984
Q900495,ev0000157/1976
Q897541,ev0000157/2007
Q917143,ev0000003/1964
Q924339,ev0000003/1989
Q924797,ev0000147/1947
Q932545,ev0000588/2000
Q944352,ev0000003/1994
Q945315,ev0000147/2006
Q947575,ev0000292/1963
Q1046931,ev0000681/2005
Q1073282,ev0000147/2003
Q1091419,ev0000147/2007
Q1338819,ev0000223/1954
Q1338877,ev0000223/2003
Q1338932,ev0000223/2009
Q508528,ev0000003/1943
Q1426392,ev0000709/2002
Q1452933,ev0000230/1989
Q1464408,ev0000292/1944
Q1535317,ev0000290/2010
Q1535323,ev0000290/2011
Q1548441,ev0000681/1996
Q1607396,ev0000681/1990
Q1640911,ev0000123/1950
Q1645765,ev0000223/1962
Q1771193,ev0000223/1982
Q2012053,ev0000223/1990
Q2012445,ev0000223/1993
Q2026838,ev0000367/1991
Q25490075,ev0000367/1991
Q25490138,ev0000367/1991
Q27535396,ev0000367/1991
Q2070150,ev0000123/1956
Q2240074,ev0000223/1972
Q2275563,ev0000230/1996
Q2483435,ev0000123/1965
Q2579872,ev0000123/1991
Q2579817,ev0000123/1992
Q2566554,ev0000123/1995
Q2559694,ev0000123/1998
Q2713199,ev0000123/1978
Q2709173,ev0000123/1979
Q2713250,ev0000123/1982
Q2815587,ev0000299/2013/1
Q2817840,ev0000786/2000
Q2807459,ev0000786/2007
Q2808358,ev0000786/2010
Q2807629,ev0000865/2008
Q2813681,ev0001985/2007
Q2816578,ev0001985/2009
Q2817012,ev0001985/2010
Q2902760,ev0000230/1997
Q3070188,ev0000588/1960/1
Q3070207,ev0000588/2012
Q3133607,ev0000223/1976
Q3325006,ev0000681/1971
Q3703399,ev0000203/1965
Q3703410,ev0000203/1977
Q3703412,ev0000203/1979
Q3703419,ev0000203/1986
Q3703425,ev0000203/1992
Q3870535,ev0000369/2008
Q3910305,ev0000223/1978
Q4030940,ev0000450/2012
Q4053340,ev0000450/1989
Q4053351,ev0000450/2006
Q4790396,ev0000001/2004
Q4790394,ev0000001/2005
Q5860988,ev0000588/1963/1
Q5869314,ev0000747/1998
Q6342983,ev0001175/1967/1
Q6342990,ev0001175/1970/1
Q6343017,ev0001175/1993/1
Q6343021,ev0001175/1994/1
Q6343066,ev0001175/2011/1
Q6366260,ev0001633/2010
Q6352980,ev0000001/1949
Q6367079,ev0000001/1978
Q6366913,ev0000001/2000
Q6359343,ev0000038/2010
Q6359345,ev0000038/2011
Q6351622,ev0000259/1964/1
Q6351630,ev0000259/1986/1
Q6351636,ev0000259/1997/1
Q6351640,ev0000259/2004/1
Q6351650,ev0000259/2009/1
Q6351657,ev0000259/2012/1
Q6359526,ev0000764/1958/1
Q6359578,ev0000764/1982/1
Q6359590,ev0000764/1988/1
Q6359619,ev0000764/2002/1
Q6359621,ev0000764/2003/1
Q6359623,ev0000764/2004/1
Q6359634,ev0000764/2010/1
Q6359636,ev0000764/2011/1
Q6359639,ev0000764/2012/1
Q6366248,ev0000846/1996/1
Q6367080,ev0000846/2001/1
Q6359259,ev0000978/2000/1
Q6359261,ev0000978/2001/1
Q6359658,ev0000993/1973/1
Q6359662,ev0000993/1975/1
Q6359663,ev0000993/1976/1
Q6359675,ev0000993/1982/1
Q6359683,ev0000993/1985/1
Q6359710,ev0000993/2011/1
Q6667532,ev0000401/1959
Q6667542,ev0000401/1967
Q6667545,ev0000401/1969
Q6667547,ev0000401/1971
Q6667564,ev0000401/1986
Q6667593,ev0000401/2005
Q6667596,ev0000401/2006
Q6682166,ev0000407/1983
Q6682184,ev0000407/1990
Q6682200,ev0000407/1996
Q6682207,ev0000407/2000
Q7901460,ev0000987/2001/1
Q8036246,ev0000756/2001
Q8036254,ev0000756/2011
Q10761261,ev0000786/2013
Q11600896,ev0000407/2006
Q11601655,ev0000655/1993
Q11600101,ev0000655/1998
Q11600197,ev0000655/2000
Q11867968,ev0000380/1951
Q11867973,ev0000380/1959
Q12398193,ev0000993/2008/1
Q12398170,ev0003686/2009
Q15476593,ev0000299/2014/1
Q15695059,ev0000157/2014
Q16057755,ev0002360/2013
Q16581106,ev0000369/1946
Q16581147,ev0000369/1960
Q16581150,ev0000369/1961
Q16581175,ev0000369/1969
Q16581204,ev0000369/1979
Q16581229,ev0000369/1988
Q16581254,ev0000369/1996
Q17229277,ev0000655/2013
Q17636921,ev0000369/1983
Q17636923,ev0000369/1985
Q18348657,ev0000147/2015
Q18413355,ev0000709/2007
Q18693477,ev0000380/1997
Q18693481,ev0000380/2000
Q18693485,ev0000380/2003
Q18693495,ev0000380/2014
Q18696761,ev0001574/2015
Q18744547,ev0000123/2015
Q18759885,ev0000380/1953
Q18759889,ev0000380/1955
Q18759895,ev0000380/1994
Q18814866,ev0000380/1976
Q19902251,ev0000230/2016
Q19906680,ev0000450/2015
Q20251784,ev0000380/1986
Q20543752,ev0003686/2004
Q20543791,ev0003686/2013
Q20543802,ev0003686/2014
Q21694691,ev0001942/2016/1
Q21899296,ev0001574/2016
Q22039176,ev0000871/2015
Q22252102,ev0000010/2016
Q22905775,ev0000659/2016
Q22905781,ev0000681/2016
Q22914769,ev0002541/2015
Q24051562,ev0000978/2015/1
Q24048803,ev0001175/1974
Q24905368,ev0001531/1994
Q25402256,ev0000716/2016
Q26180717,ev0000846/2013/1
Q27887259,ev0000655/2016
Q27919153,ev0002512/2011
Q28125539,ev0001778/2017
Q28408386,ev0000010/2017
Q28864472,ev0000223/2017
Q29512383,ev0006090/2017
Q29565765,ev0000078/1963
Q29831119,ev0000001/2014
Q29833510,ev0000588/1967/1
Q29834085,ev0002237/2014
Q29834089,ev0002237/2015
Q30103210,ev0000078/1974
Q30110399,ev0000078/2004
Q30129392,ev0000078/2007
Q30302834,ev0000078/1948
Q30319287,ev0000078/1952
Q30595560,ev0000001/1976
Q31281994,ev0003686/2017
Q32725121,ev0000078/1960
Q33195312,ev0000078/1964
Q42594202,ev0000078/1970
Q43119724,ev0000147/2018
Q43265335,ev0000078/2017
Q44531531,ev0000078/1978
Q45895048,ev0001778/2018
Q46998616,ev0001574/2018
Q48866462,ev0000887/2018
Q51630467,ev0000078/1988
Q51630812,ev0000078/1995
Q54864484,ev0000764/1985/1
Q54864485,ev0000978/2016/1
Q59296546,ev0000091/2019
Q59784019,ev0000179/1974/1
Q60542874,ev0002237/2007
Q60542583,ev0002237/2011
Q60543263,ev0002237/2018
Q60863240,ev0000887/2019
Q64729084,ev0000259/1992/1
Q65963750,ev0000179/1992/1
Q68381069,ev0001871/2020
Q68835543,ev0000179/2006/1
Q76823410,ev0000001/1950
Q77421663,ev0001574/2020
Q80211221,ev0000259/1969/1
Q80587115,ev0000259/1961/1
Q80691652,ev0000259/1951/1
Q83001475,ev0000978/2018/1
Q83179764,ev0000988/2005/1
Q85861703,ev0000203/2020
Q86733662,ev0001002/2019
Q89128245,ev0000988/1965/1
Q89193834,ev0000988/1964/1
Q89703874,ev0000988/1990/1
Q89913649,ev0000259/2020/1
Q89914356,ev0000988/1993/1
Q90154008,ev0001512/2002/1
Q91362677,ev0001295/1992/1
Q92205586,ev0001295/1994/1
Q92309920,ev0001512/2007/1
Q95143882,ev0001615/1987
Q93361063,ev0001295/1999/1
Q94579779,ev0001615/1985
Q96181727,ev0001295/2013
Q96747792,ev0001295/2017
Q97031226,ev0000756/2016
Q97217582,ev0003686/2020
Q97579469,ev0000299/2021
Q97579334,ev0000433/2017
Q97579335,ev0000433/2018
Q97772192,ev0000756/2019
Q98171581,ev0003647/2016
Q98228046,ev0001051/2003
Q98211368,ev0001051/2013
Q98523823,ev0003647/2006
Q98544610,ev0003647/2004
Q98686855,ev0003647/1998
Q98655165,ev0003647/1999
Q99826813,ev0000472/1943
Q100249577,ev0002753/2000
Q100324368,ev0002753/1996
Q100605647,ev0000472/1959
Q100700099,ev0000472/1964
Q100723259,ev0000472/1973
Q101440810,ev0000588/1987
Q102422551,ev0000588/1995
Q103518306,ev0000674/1996
Q103853003,ev0000674/1997
Q104425505,ev0000155/1971
Q104440731,ev0000399/1998
Q104819369,ev0000155/1990
Q104849924,ev0000399/2019
Q104920689,ev0000155/1996
Q104975379,ev0000674/2020
Q105096576,ev0000155/2004
Q105025051,ev0000764/2020
Q105212488,ev0000179/2021
Q105720374,ev0003554/2021
Q105891151,ev0000001/1977
Q108372864,ev0000259/2021
Q108650494,ev0000887/2021
Q110517410,ev0002753/2017
Q110948753,ev0002512/2015
Q113517478,ev0003647/2022
Q115214839,ev0003686/2022
Q24105,ev0000157/1979
Q508570,ev0000003/1934
Q63298,ev0000292/1978
Q81871,ev0000292/1959
Q73749,ev0000292/1974
Q93983,ev0000292/1994
Q93439,ev0000292/1995
Q114349,ev0000292/1964
Q190441,ev0000003/2009
Q183355,ev0000003/2011
Q253570,ev0000147/1975
Q252948,ev0000147/1988
Q238892,ev0000147/1999
Q247988,ev0000292/1948
Q256550,ev0000223/2002
Q259726,ev0000223/2011
Q277516,ev0000292/1961
Q178809,ev0000003/1930/1
Q289412,ev0000003/1972
Q354188,ev0000299/1993/1
Q354192,ev0000299/1998/1
Q472684,ev0000091/1988
Q466351,ev0000091/1990
Q508426,ev0000003/1937
Q508554,ev0000003/1941
Q536749,ev0000003/1998
Q552195,ev0000091/1953
Q550887,ev0000091/1956
Q550971,ev0000091/1959
Q552190,ev0000091/1963
Q550932,ev0000091/1965
Q550951,ev0000091/1976
Q548316,ev0000147/2005
Q645715,ev0000147/1959
Q675929,ev0000157/2012
Q679591,ev0000299/2007/1
Q740425,ev0000003/2003
Q787207,ev0000003/1957
Q767355,ev0000003/1981
Q897595,ev0000147/1960
Q897698,ev0000147/1980
Q898295,ev0000147/1990
Q917184,ev0000003/1952
Q918710,ev0000123/2012
Q925498,ev0000147/1973
Q935144,ev0000223/1952
Q983743,ev0000681/2001
Q1065282,ev0000003/1979
Q1047692,ev0000147/1951
Q1123819,ev0000230/1999
Q1277905,ev0000230/2005
Q1244088,ev0000292/1989
Q1338805,ev0000223/1950
Q1338845,ev0000223/1957
Q1338916,ev0000223/2006
Q1338927,ev0000223/2007
Q1387754,ev0000299/1988/1
Q1411424,ev0000299/2003/1
Q1549594,ev0000681/1997
Q1606925,ev0000681/1992
Q1638811,ev0000223/1960
Q1647497,ev0000223/1970
Q1651281,ev0000716/2011
Q1851112,ev0000123/1952
Q2089781,ev0000123/1990
Q2140236,ev0000123/1951
Q2300512,ev0000292/1972
Q2348434,ev0000123/1968
Q2373659,ev0000223/1973
Q2412443,ev0000865/1996
Q2442026,ev0000223/1989
Q2483441,ev0000123/1961
Q2483309,ev0000123/1963
Q2494010,ev0000123/1997
Q2524277,ev0000230/1994
Q2817843,ev0000865/2000
Q2807466,ev0000865/2007
Q2807915,ev0000865/2009
Q2818383,ev0002542/2012
Q2891443,ev0000147/2013
Q3070185,ev0000588/1958/1
Q3070195,ev0000588/2004
Q3342134,ev0000681/2013
Q3703391,ev0000203/1957
Q3703393,ev0000203/1959
Q3703400,ev0000203/1966
Q3703406,ev0000203/1973
Q3703409,ev0000203/1976
Q3703421,ev0000203/1988
Q3703426,ev0000203/1993
Q3703427,ev0000203/1994
Q3703431,ev0000203/1998
Q3734884,ev0000230/2001
Q3756123,ev0000286/1999
Q3870527,ev0000369/2001
Q3870528,ev0000369/2002
Q3870537,ev0000369/2010
Q4053350,ev0000450/1999
Q4030859,ev0000450/2010
Q4352246,ev0000887/2013
Q4595028,ev0000887/1999
Q5280698,ev0000212/2006
Q6352957,ev0000001/1948
Q6367042,ev0000001/1997
Q6351653,ev0000259/2010/1
Q6351658,ev0000259/2013/1
Q6359579,ev0000764/1983/1
Q6352991,ev0000846/1992/1
Q6352970,ev0000846/1993/1
Q6352973,ev0000846/1995/1
Q6366224,ev0000846/1999/1
Q6366880,ev0000846/2005/1
Q6367006,ev0000846/2006/1
Q6359268,ev0000978/2004/1
Q6359270,ev0000978/2005/1
Q6359701,ev0000993/1993/1
Q6343028,ev0001175/1997/1
Q6343036,ev0001175/2000/1
Q6343062,ev0001175/2009/1
Q6667537,ev0000401/1963
Q6667560,ev0000401/1982
Q6667574,ev0000401/1993
Q6667585,ev0000401/1999
Q6667607,ev0000401/2013
Q6682167,ev0000407/1984
Q6682189,ev0000407/1991
Q8036248,ev0000756/2002
Q8036252,ev0000756/2006
Q11600052,ev0000655/1997
Q11867976,ev0000380/1969
Q11867983,ev0000380/2005
Q11942652,ev0001574/2013
Q12398187,ev0000993/2002/1
Q12398192,ev0000993/2007/1
Q15177837,ev0000588/2009
Q16023169,ev0000681/2014
Q16581129,ev0000369/1954
Q16581138,ev0000369/1957
Q16581156,ev0000369/1963
Q16581159,ev0000369/1964
Q16581162,ev0000369/1965
Q16581218,ev0000369/1984
Q16581248,ev0000369/1994
Q16581256,ev0000369/1997
Q17628561,ev0000203/2014
Q18413352,ev0000709/2003
Q18413353,ev0000709/2004
Q18641781,ev0001942/2015/1
Q18763300,ev0000010/2015
Q18759876,ev0000380/1946
Q18814863,ev0000380/1968
Q19604590,ev0000659/2015
Q19902250,ev0000230/2015
Q19881596,ev0002360/2014
Q20106468,ev0000155/2012
Q20053825,ev0000353/1993
Q20053834,ev0000353/2001
Q20254911,ev0000380/1990
Q20916733,ev0000380/1993
Q20962121,ev0000380/1983
Q21061237,ev0000147/2016
Q21600317,ev0000091/2016
Q21662017,ev0000588/1999
Q22945959,ev0003554/2015
Q23955386,ev0000988/2016/1
Q24026486,ev0003686/2012
Q24058065,ev0000038/2013
Q24048804,ev0001175/1973
Q24059219,ev0001633/2014
Q24662572,ev0000450/2016
Q25400570,ev0000203/2016
Q27919152,ev0002512/2016
Q27966639,ev0001633/2016
Q28109934,ev0000865/2017
Q29833513,ev0000588/1970
Q30134899,ev0000078/2008
Q30889752,ev0000369/2017
Q31474235,ev0000078/1957
Q42308194,ev0000078/1969
Q47007539,ev0000078/1980
Q48537081,ev0000988/2017/1
Q48773738,ev0000155/2017
Q48780409,ev0001985/2017
Q48861086,ev0000010/2018
Q51630791,ev0000078/1993
Q54834131,ev0000179/1963/1
Q55832157,ev0000369/2018
Q56742987,ev0000655/2018
Q56897366,ev0000155/2018
Q57982199,ev0000988/2011/1
Q58735274,ev0000078/2018
Q60297608,ev0004260/2015
Q60464618,ev0000179/1978/1
Q60484057,ev0000988/2010/1
Q61489374,ev0006090/2019
Q64510312,ev0004260/2017
Q64784844,ev0000038/2019
Q64746535,ev0000259/1993/1
Q65117395,ev0000010/2019
Q66810610,ev0000230/2020
Q67221138,ev0000179/2002/1
Q69499553,ev0000259/1977/1
Q76161845,ev0000157/2020
Q78478541,ev0000764/2019/1
Q115739606,ev0000174/2011/1
Q80586139,ev0000259/1962/1
Q80684566,ev0000259/1953/1
Q80736246,ev0000010/2020
Q83178279,ev0000978/2019/1
Q85582178,ev0002541/2019
Q86685002,ev0000887/2020
Q86710928,ev0000988/1957/1
Q86738578,ev0002542/2019
Q87916442,ev0000988/1974/1
Q88217154,ev0000988/1977/1
Q88385887,ev0000988/1979/1
Q88478166,ev0000988/1980
Q88886898,ev0000988/1969/1
Q88969879,ev0000988/1968/1
Q91023353,ev0000588/1966/1
Q91019719,ev0001512/2006/1
Q92795056,ev0001295/1997/1
Q96082502,ev0001615/1992/1
Q96878959,ev0000588/2020
Q97122997,ev0000756/2017
Q97579462,ev0000001/1972
Q97579357,ev0000038/2007
Q98148729,ev0003647/2015
Q98216065,ev0003647/2017
Q98228038,ev0001051/1998
Q98228039,ev0001051/1999
Q98592803,ev0003647/2002
Q98779630,ev0000588/1978
Q99800031,ev0002753/2008
Q100231227,ev0000147/2021
Q100152847,ev0002753/2002
Q100138347,ev0002753/2003
Q99977819,ev0002753/2004
Q100303166,ev0002753/1997
Q100268608,ev0002753/1999
Q100440591,ev0000472/1952
Q100490658,ev0015577/2014
Q100563258,ev0000472/1956
Q100583781,ev0000472/1957
Q100549964,ev0015577/2015
Q100699931,ev0000472/1963
Q100708449,ev0000472/1968
Q100708693,ev0000472/1969
Q100709419,ev0000472/1970
Q101058220,ev0000674/1982
Q101194519,ev0000756/2020
Q101246518,ev0000674/1985
Q102031069,ev0000588/1990
Q102157020,ev0000674/1991
Q102279282,ev0000091/2021
Q104093188,ev0000674/2001
Q104213658,ev0000674/2008
Q104224395,ev0000674/2010
Q104523121,ev0000155/1973
Q104530055,ev0000155/1974
Q104641281,ev0000155/1979
Q104783373,ev0000155/1988
Q104771893,ev0000399/2013
Q104812933,ev0000155/1989
Q105337411,ev0000155/2014
Q106066640,ev0000001/1985
Q108703083,ev0001633/2020
Q109048767,ev0000157/2022
Q109505559,ev0000299/2022
Q110142311,ev0014358/2018
Q110217958,ev0000407/2021
Q110874713,ev0000179/2022
Q110868248,ev0000846/2022
Q110973761,ev0000988/2022
Q113447079,ev0000001/2022
Q32165,ev0000091/1982
Q63198,ev0000091/1998
Q63469,ev0000091/1999
Q132080,ev0000003/1936
Q148609,ev0000003/1944
Q167214,ev0000003/1967
Q66707597,ev0000003/2022
Q179850,ev0000091/1964
Q180813,ev0000292/2011
Q917076,ev0000003/1951
Q252688,ev0000147/1997
Q253351,ev0000157/1982
Q263239,ev0000003/1999
Q282159,ev0000003/1978
Q288313,ev0000157/1994
Q283197,ev0000865/2010
Q303473,ev0000003/1948
Q324976,ev0000292/2009
Q372154,ev0000157/2004
Q354199,ev0000299/1990/1
Q375267,ev0000147/1969
Q421542,ev0000157/2001
Q490861,ev0000292/2013
Q544731,ev0000003/1969
Q552145,ev0000091/1961
Q550959,ev0000091/1972
Q550946,ev0000091/1973
Q538736,ev0000147/2001
Q602989,ev0000292/1986
Q614648,ev0001574/2009/1
Q664926,ev0000157/1984
Q693466,ev0000091/2012
Q731165,ev0000147/1955
Q751924,ev0000003/2001
Q777704,ev0000223/2000
Q768364,ev0000292/1973
Q917170,ev0000003/1949
Q917163,ev0000003/1962
Q917067,ev0000003/1966
Q903336,ev0000003/1997
Q918658,ev0000123/2006
Q918669,ev0000123/2007
Q918684,ev0000123/2009
Q917618,ev0000123/2010
Q897591,ev0000147/1966
Q897830,ev0000147/1986
Q919233,ev0000147/2004
Q896950,ev0000157/1988
Q931936,ev0000223/1955
Q941666,ev0000223/1992
Q955774,ev0000123/1976
Q961852,ev0000147/1994
Q1027063,ev0000292/2003
Q1150626,ev0000157/2008
Q1338849,ev0000223/1998
Q1338873,ev0000223/2004
Q1411821,ev0000299/2000/1
Q1441288,ev0000292/1970
Q1534940,ev0000292/1955
Q1540531,ev0000299/1987/1
Q1518021,ev0000681/2003
Q1627552,ev0000223/1996
Q1606937,ev0000681/1993
Q1667155,ev0000681/2007
Q1667159,ev0000681/2010
Q1800413,ev0000716/2010
Q2012047,ev0000223/1995
Q2164176,ev0000223/1984
Q2174245,ev0000230/1990
Q2263724,ev0000157/2013
Q2290224,ev0000292/1984
Q2312597,ev0000292/1968
Q2483265,ev0000123/1964
Q2539193,ev0000292/1980
Q2539157,ev0000292/1981
Q2544468,ev0000716/2009
Q2564849,ev0000123/1996
Q2616077,ev0000123/1966
Q2634453,ev0000299/2008/1
Q2655541,ev0000223/1987
Q2710378,ev0000123/1983
Q2797430,ev0000223/1985
Q2816228,ev0000123/1980
Q2816323,ev0000407/2009
Q2818131,ev0000786/2001
Q2816585,ev0000865/1998
Q2818620,ev0002541/2012
Q2813683,ev0003554/2012/1
Q2918688,ev0000588/1962/1
Q3070180,ev0000588/1954/1
Q3070182,ev0000588/1955/1
Q3070199,ev0000588/2006
Q3870530,ev0000369/2004
Q3870538,ev0000369/2011
Q3870539,ev0000369/2012
Q3837265,ev0000407/2007
Q3703405,ev0000203/1971
Q3703417,ev0000203/1984
Q3703439,ev0000203/2005
Q4053349,ev0000450/2002
Q4053353,ev0000450/2004
Q4030759,ev0000450/2008
Q4030810,ev0000450/2009
Q4030903,ev0000450/2011
Q5280694,ev0000212/2002
Q5421527,ev0000993/1998/1
Q6342985,ev0001175/1968/1
Q6343046,ev0001175/2003/1
Q6343052,ev0001175/2005/1
Q6343058,ev0001175/2007/1
Q6366973,ev0000001/2003
Q6359530,ev0000764/1960/1
Q6359535,ev0000764/1963/1
Q6359551,ev0000764/1971/1
Q6359556,ev0000764/1973/1
Q6359577,ev0000764/1981/1
Q6359587,ev0000764/1987/1
Q6352987,ev0000846/2000/1
Q6366874,ev0000846/2003/1
Q6359680,ev0000993/1984/1
Q6359709,ev0000993/2010/1
Q6352959,ev0001633/2008
Q6667536,ev0000401/1961
Q6667546,ev0000401/1970
Q6667550,ev0000401/1973
Q6667588,ev0000401/2002
Q6682162,ev0000407/1980
Q6682216,ev0000407/2004
Q11601787,ev0000407/1981
Q11601915,ev0000655/1995
Q11600368,ev0000655/2005
Q11600394,ev0000655/2006
Q11867985,ev0000380/2012
Q12398185,ev0000993/1999/1
Q15291108,ev0000407/2013
Q15635253,ev0000865/2014
Q16057174,ev0001781/2012
Q16773560,ev0000003/2015
Q15131248,ev0000230/2013
Q16972684,ev0000756/2010
Q17620755,ev0000157/2015
Q16581132,ev0000369/1955
Q16581165,ev0000369/1966
Q16581178,ev0000369/1970
Q16581207,ev0000369/1980
Q16581234,ev0000369/1990
Q16581242,ev0000369/1992
Q16581259,ev0000369/1998
Q18759886,ev0000380/1954
Q18759891,ev0000380/1957
Q18950365,ev0000681/2015
Q18349056,ev0000299/2015/1
Q18413358,ev0000709/2011
Q18413360,ev0000709/2014
Q18693474,ev0000380/1952
Q18693491,ev0000380/2009
Q21030963,ev0000588/2015
Q20103860,ev0000155/1997
Q21074988,ev0001633/2015
Q21187613,ev0000157/2016
Q21210855,ev0000369/2015
Q22669873,ev0000290/2016
Q23296544,ev0000179/1946/1
Q22976524,ev0001985/2015
Q25432917,ev0000444/2015
Q25492186,ev0000897/2003
Q23901108,ev0000179/1950/1
Q23903086,ev0000179/1951/1
Q27885683,ev0000091/2017
Q27926498,ev0000290/2017
Q24057516,ev0000038/2009
Q26012864,ev0002643/2016
Q26186248,ev0000179/2016/1
Q26185473,ev0000259/2016/1
Q26182960,ev0000433/2014
Q26180444,ev0000764/1968/1
Q24026476,ev0003686/2016
Q29608854,ev0000078/2014
Q29565683,ev0000078/2015
Q26708776,ev0000179/1953/1
Q30099419,ev0000078/2002
Q29831596,ev0000001/2013
Q27595486,ev0000157/2017
Q32826512,ev0000078/1961
Q30303188,ev0000078/1949
Q48684904,ev0000681/2018
Q31213741,ev0001871/2014
Q30004694,ev0000078/1999
Q42299329,ev0000078/1968
Q30594783,ev0000001/1974
Q48780406,ev0001985/2016
Q30904418,ev0000001/2017
Q51000628,ev0000078/1985
Q45113012,ev0002512/2017
Q50636127,ev0000078/1982
Q51630660,ev0000078/1989
Q51630834,ev0000078/1997
Q56219003,ev0000588/2018
Q55392201,ev0000659/2018
Q61388296,ev0003686/2018
Q58707752,ev0000179/1971/1
Q63255220,ev0000444/2019
Q65553528,ev0000179/1991/1
Q56526395,ev0000988/2012/1
Q64488380,ev0000369/2019
Q55602788,ev0001531/1991
Q54864487,ev0000978/2017/1
Q60527796,ev0001778/2019
Q60561609,ev0000179/1979/1
Q65235968,ev0000380/1978
Q58176134,ev0002512/2018
Q60227914,ev0000179/1976/1
Q64706977,ev0000259/1989/1
Q64762783,ev0000259/1994/1
Q64763838,ev0000259/1995/1
Q64777214,ev0000259/2001/1
Q64777440,ev0000259/2002/1
Q76894709,ev0000588/1961/1
Q57557383,ev0000179/1968/1
Q69505214,ev0000259/1976/1
Q94579892,ev0000588/1968
Q92312615,ev0001295/1995
Q77334308,ev0000865/2020
Q85738150,ev0000865/2020
Q95579469,ev0001615/1988
Q95729945,ev0000756/2008
Q81844976,ev0000988/2006/1
Q67536020,ev0000179/2003/1
Q70139429,ev0000179/2011/1
Q99703091,ev0000472/1941
Q99735478,ev0002753/2010
Q91347387,ev0001512/2006/2
Q98898910,ev0003647/1990
Q84604904,ev0000588/1964/1
Q89118429,ev0000988/1966/1
Q89352443,ev0000988/1982/1
Q89413373,ev0000988/1983/1
Q100231183,ev0000472/1947
Q100280129,ev0000472/1949
Q100143182,ev0000588/1981
Q98126260,ev0003647/2014
Q86458031,ev0000988/1998/1
Q80115513,ev0000259/1972/1
Q80334361,ev0000259/1965/1
Q80300675,ev0000259/1967/1
Q80589315,ev0000259/1960/1
Q80677234,ev0000259/1956/1
Q98228049,ev0001051/2004
Q98211371,ev0001051/2011
Q98211369,ev0001051/2012
Q98291561,ev0003647/2019
Q101423515,ev0000674/1986
Q102117049,ev0000588/1991
Q97579337,ev0000001/1954
Q97579349,ev0000038/2001
Q97579355,ev0000038/2006
Q97579361,ev0000038/2017
Q100551284,ev0000472/1954
Q100600688,ev0015577/2016
Q100725960,ev0000472/1975
Q100743357,ev0015577/2020
Q104732061,ev0000155/1984
Q96747155,ev0000588/1971
Q96796595,ev0001295/2018
Q96998435,ev0001295/2019
Q88219778,ev0000988/1973/1
Q88798956,ev0000988/1970/1
Q104149513,ev0000674/2003
Q104176747,ev0000674/2005
Q96059588,ev0001295/2012
Q101824016,ev0000674/1989
Q105413174,ev0015577/2021
Q102291233,ev0000674/1993
Q102328427,ev0000588/1994
Q98526196,ev0000588/1977
Q98497263,ev0003647/2007
Q98772330,ev0003647/1995
Q105063854,ev0000155/2000
Q105584295,ev0004260/2020
Q96097848,ev0000369/2020
Q105749785,ev0000001/1956
Q105757357,ev0000001/1957
Q104623422,ev0000399/2004
Q105968771,ev0000001/1981
Q106844698,ev0002643/2021
Q108753119,ev0000091/2022
Q109632545,ev0000978/2021
Q110143668,ev0014358/2019
Q111221892,ev0001633/2019
Q110883734,ev0015577/2022
Q115162069,ev0004260/2022
Q18959,ev0000157/1981
Q521644,ev0000003/1950
Q225063,ev0000157/1998
Q284610,ev0000299/1994/1
Q304736,ev0000147/2009
Q326250,ev0000230/2012
Q354054,ev0000299/1995/1
Q353913,ev0000299/1997/1
Q353909,ev0000299/1999/1
Q355199,ev0000299/2001/1
Q429319,ev0000003/2000
Q458646,ev0000003/2004
Q469999,ev0000091/1989
Q467983,ev0000091/1991
Q467917,ev0000091/1992
Q499891,ev0000230/1988
Q508601,ev0000003/1938
Q541600,ev0000091/1993
Q550937,ev0000091/1954
Q552209,ev0000091/1957
Q552158,ev0000091/1962
Q550914,ev0000091/1974
Q572039,ev0000681/1995
Q692679,ev0000681/1998
Q768922,ev0000407/2012
Q750963,ev0000786/2012
Q860885,ev0000292/2005
Q917071,ev0000003/1961
Q918125,ev0000003/1973
Q917235,ev0000003/1987
Q896977,ev0000157/1991
Q896972,ev0000157/1995
Q925518,ev0000147/1952
Q943204,ev0000230/1992
Q994592,ev0000292/1991
Q978948,ev0001778/2012
Q1033163,ev0000230/2010
Q1112135,ev0000223/1997
Q1338808,ev0000223/1951
Q1338838,ev0000223/1956
Q1338847,ev0000223/1991
Q1338852,ev0000223/1999
Q1341096,ev0000292/1951
Q1637729,ev0000223/1959
Q1535318,ev0000290/2009
Q1534933,ev0000292/1953
Q1534943,ev0000292/1957
Q1534972,ev0000292/1992
Q1414591,ev0000245/1955
Q1646997,ev0000223/1964
Q1646993,ev0000223/1965
Q1667158,ev0000681/2009
Q1574680,ev0000681/1994
Q2617214,ev0000123/1967
Q2405223,ev0000230/1998
Q2482610,ev0000123/1960
Q2710922,ev0000123/1970
Q2713174,ev0000123/1974
Q2709489,ev0000123/1975
Q2818799,ev0000786/2004
Q2807623,ev0000786/2008
Q2807912,ev0000786/2009
Q2815876,ev0000865/1997
Q2818616,ev0000865/2003
Q2816581,ev0001778/2013
Q2818136,ev0002541/2010
Q2601190,ev0000716/2006
Q2601209,ev0000716/2007
Q2842999,ev0000588/1959/1
Q2518139,ev0000123/1953
Q3070179,ev0000588/1953/1
Q3070183,ev0000588/1957/1
Q3070191,ev0000588/2001
Q3070205,ev0000588/2010
Q3070206,ev0000588/2011
Q3388056,ev0000865/2013
Q3703390,ev0000203/1956
Q3703423,ev0000203/1990
Q3703436,ev0000203/2002
Q3703440,ev0000203/2006
Q3703445,ev0000203/2010
Q3703447,ev0000203/2012
Q3773059,ev0000907/1999
Q3870526,ev0000369/2000
Q3870529,ev0000369/2003
Q3870533,ev0000369/2007
Q4053338,ev0000450/1991
Q4053343,ev0000450/2001
Q4599028,ev0000887/2001
Q4603221,ev0000887/2004
Q5280701,ev0000212/2009
Q5280702,ev0000212/2010
Q6359811,ev0000212/2010
Q6366241,ev0000001/1951
Q6367045,ev0000001/1989
Q6367032,ev0000001/1990
Q6367064,ev0000001/1994
Q6366903,ev0000001/2001
Q6351327,ev0000155/2008
Q6351638,ev0000259/2003/1
Q6351648,ev0000259/2007/1
Q6351649,ev0000259/2008/1
Q6359534,ev0000764/1962/1
Q6359540,ev0000764/1965/1
Q6359563,ev0000764/1977/1
Q6359586,ev0000764/1986/1
Q6359592,ev0000764/1989/1
Q6359600,ev0000764/1993/1
Q6359602,ev0000764/1994/1
Q6359614,ev0000764/2000/1
Q6352953,ev0000846/1994/1
Q6366234,ev0000846/1997/1
Q6366892,ev0000846/2002/1
Q6359271,ev0000978/2006/1
Q6359276,ev0000978/2008/1
Q6359659,ev0000993/1974/1
Q6359669,ev0000993/1979/1
Q6359696,ev0000993/1991/1
Q6343003,ev0001175/1974/1
Q6343015,ev0001175/1991/1
Q6343025,ev0001175/1996/1
Q6667541,ev0000401/1966
Q6667552,ev0000401/1975
Q6667553,ev0000401/1976
Q6667563,ev0000401/1985
Q6667578,ev0000401/1995
Q6667579,ev0000401/1996
Q6667589,ev0000401/2003
Q6667598,ev0000401/2007
Q6667602,ev0000401/2010
Q6682205,ev0000407/1999
Q6682218,ev0000407/2003
Q6682220,ev0000407/2005
Q6682224,ev0000407/2008
Q8036249,ev0000756/2003
Q8036251,ev0000756/2005
Q11374882,ev0000655/1994
Q11600777,ev0000655/1987
Q11601082,ev0000655/1989
Q11601288,ev0000655/1991
Q11600142,ev0000655/1999
Q11600270,ev0000655/2002
Q11600562,ev0000655/2008
Q11600613,ev0000655/2010
Q11682963,ev0000887/2008
Q11867975,ev0000380/1958
Q11867980,ev0000380/2002
Q11942649,ev0001574/2010
Q11942651,ev0001574/2011
Q12398182,ev0000764/2009/1
Q12398188,ev0000993/2003/1
Q12398167,ev0003686/2003
Q12398169,ev0003686/2008
Q12398171,ev0003686/2010
Q15131260,ev0000230/2014
Q15978242,ev0002541/2013
Q15585830,ev0000123/2014
Q15303094,ev0000147/2014
Q16057517,ev0001781/2013
Q16961127,ev0000401/2008
Q16581144,ev0000369/1959
Q16581181,ev0000369/1971
Q16581201,ev0000369/1978
Q16581251,ev0000369/1995
Q16581263,ev0000369/1999
Q17166763,ev0000450/2014
Q18664072,ev0002541/2014
Q18609513,ev0000407/2014
Q18759878,ev0000380/1947
Q18759881,ev0000380/1948
Q18814862,ev0000380/1967
Q18814864,ev0000380/1970
Q20053835,ev0000353/2002
Q21094897,ev0000292/2016
Q21974514,ev0000865/2016
Q21554839,ev0000123/2016
Q24051654,ev0000764/2014/1
Q24941590,ev0000369/2016
Q26183704,ev0000259/2015/1
Q26789252,ev0000988/2015/1
Q28147036,ev0000203/2017
Q28485841,ev0000588/2017
Q29018764,ev0000380/2017
Q29824305,ev0000230/2017
Q30005967,ev0000078/2000
Q30150484,ev0000078/2009
Q30330464,ev0000078/1954
Q31213754,ev0001871/2015
Q31213760,ev0001871/2017
Q31599812,ev0004405/2018
Q31875702,ev0000078/1959
Q42562641,ev0000091/2018
Q50842572,ev0000380/2018
Q50997322,ev0006090/2018
Q52120361,ev0000179/2018/1
Q52237812,ev0000988/2018/1
Q53792597,ev0000179/1962/1
Q56561587,ev0000179/1967/1
Q56751428,ev0006154/2018
Q58279364,ev0000179/1970/1
Q59428009,ev0000123/2019
Q59625869,ev0001574/2019
Q60026309,ev0000179/1975/1
Q61045603,ev0000179/1980/1
Q61676596,ev0000290/2019
Q63180903,ev0001175/1965/1
Q63477985,ev0000988/2019/1
Q65166097,ev0000001/2019
Q65235958,ev0000380/1975
Q65235983,ev0000380/1980
Q65235995,ev0000380/2019
Q66739576,ev0000179/1994/1
Q67089164,ev0000179/1995/1
Q67173640,ev0000179/1998/1
Q67680537,ev0000179/2005/1
Q68708725,ev0000259/1980/1
Q69152161,ev0000259/1979/1
Q69426776,ev0000259/1978/1
Q69917282,ev0000179/2010/1
Q76336919,ev0001633/2018
Q80194394,ev0000259/1970/1
Q80297034,ev0000259/1968/1
Q80693976,ev0000259/1954/1
Q85314826,ev0000988/2001/1
Q86724595,ev0000681/2020
Q86733764,ev0001002/2017
Q87743883,ev0000988/1962/1
Q88009349,ev0000988/1975/1
Q96464187,ev0001295/2015
Q88309051,ev0002643/2020
Q88579112,ev0000988/1972/1
Q101645909,ev0000588/1989
Q99853080,ev0002753/2007
Q99939987,ev0002753/2005
Q102860852,ev0000588/1996
Q102491052,ev0000674/1995
Q100274419,ev0002753/1998
Q98228040,ev0001051/2000
Q98272171,ev0003647/2018
Q98382750,ev0003647/2012
Q89580969,ev0000988/1986/1
Q89917517,ev0000988/1996/1
Q100710265,ev0000472/1971
Q100724989,ev0000472/1974
Q100699804,ev0015577/2017
Q100707807,ev0015577/2018
Q98636486,ev0003647/2000
Q103936516,ev0000588/1998
Q104057188,ev0000674/2000
Q104190835,ev0000674/2007
Q101207823,ev0000674/1984
Q91650912,ev0001295/1993/1
Q105958590,ev0000001/1980
Q105979838,ev0000001/1982
Q98108328,ev0003647/2013
Q98844057,ev0003647/1991
Q98818117,ev0003647/1993
Q98803675,ev0003647/1994
Q98969145,ev0000155/2020
Q104622873,ev0000155/1977
Q104591192,ev0000399/2003
Q104703696,ev0000155/1982
Q104472311,ev0000155/1972
Q104727392,ev0000157/2021
Q104704737,ev0000399/2009
Q104761394,ev0000155/1985
Q104774288,ev0000155/1987
Q104794119,ev0000399/2015
Q104813299,ev0000399/2016
Q104834766,ev0000399/2018
Q108456175,ev0000155/2021
Q104904302,ev0000155/1995
Q108674838,ev0000001/2021
Q109676688,ev0004260/2021
Q109714035,ev0001942/2022
Q95475993,ev0001295/2008
Q105482981,ev0000230/2021
Q110227732,ev0000230/2022
Q95739275,ev0001295/2010
Q110442946,ev0002753/2021/2
Q110971021,ev0001625/2021
Q111181420,ev0002643/2022
Q114876442,ev0000756/2022
Q115706853,ev0000764/2022
Q81804,ev0000091/2001
Q81764,ev0000091/2004
Q81800,ev0000091/2006
Q73742,ev0000292/1977
Q132121,ev0000245/1954
Q213699,ev0000003/2007
Q264018,ev0000558/2006
Q279914,ev0000003/1956
Q333006,ev0000292/2008
Q353921,ev0000299/1996/1
Q472674,ev0000091/1986
Q508451,ev0000003/1935
Q510527,ev0000147/2011
Q526875,ev0000147/1963
Q534636,ev0000157/1987
Q546117,ev0000091/1955
Q550968,ev0000091/1968
Q550919,ev0000091/1969
Q573108,ev0000091/2011
Q591527,ev0000123/1987
Q591734,ev0000292/1956
Q611050,ev0000003/1977
Q605056,ev0000157/1993
Q656703,ev0000147/1978
Q654309,ev0000681/2008
Q664211,ev0000147/1954
Q660332,ev0000157/2005
Q734736,ev0000147/1972
Q767326,ev0000157/2006
Q761309,ev0000292/2007
Q897307,ev0000147/1967
Q900497,ev0000157/1986
Q900523,ev0000157/2010
Q917178,ev0000003/1946
Q917167,ev0000003/1960
Q910864,ev0000003/1990
Q1089696,ev0000147/2000
Q1087779,ev0000292/2001
Q1290905,ev0000716/2008
Q1338815,ev0000223/1953
Q1338928,ev0000223/2008
Q1377797,ev0000230/2009
Q1410861,ev0000299/1989/1
Q1514151,ev0000292/1946
Q526693,ev0000299/2005/1
Q1489972,ev0000299/2005/1
Q1535321,ev0000290/2012
Q1535324,ev0000290/2013
Q1534930,ev0000292/1952
Q1534949,ev0000292/1960
Q1534952,ev0000292/1962
Q1534980,ev0000292/1998
Q1667152,ev0000681/2006
Q1647492,ev0000223/1966
Q2060923,ev0000123/1959
Q2086820,ev0000123/1989
Q2094107,ev0000292/1983
Q2463712,ev0000299/2009/1
Q2816379,ev0000407/2010
Q2818618,ev0000786/2003
Q2817019,ev0000865/1999
Q2574813,ev0000123/1994
Q2275383,ev0000292/1985
Q2610131,ev0000123/2002
Q2601206,ev0000716/2012
Q2322991,ev0000223/1977
Q2698531,ev0000123/1954
Q2710769,ev0000123/1971
Q2713230,ev0000123/1973
Q2713244,ev0000123/1977
Q3070197,ev0000588/2005
Q3070204,ev0000588/2007
Q3070201,ev0000588/2008
Q3703395,ev0000203/1961
Q3703404,ev0000203/1970
Q3703413,ev0000203/1980
Q3703416,ev0000203/1983
Q3703422,ev0000203/1989
Q3703438,ev0000203/2004
Q3703441,ev0000203/2007
Q3703444,ev0000203/2009
Q4053344,ev0000450/2000
Q4053354,ev0000450/2003
Q3910304,ev0000223/1974
Q3910306,ev0000223/1986
Q4642142,ev0000223/2013
Q4632329,ev0000655/2012
Q5280695,ev0000212/2004
Q6343050,ev0001175/2004/1
Q6343007,ev0001197/1988/1
Q6353321,ev0000001/2008
Q6359347,ev0000038/2012
Q6351646,ev0000259/2006/1
Q6359538,ev0000764/1964/1
Q6359547,ev0000764/1969/1
Q6359549,ev0000764/1970/1
Q6359559,ev0000764/1975/1
Q6359571,ev0000764/1980/1
Q6359604,ev0000764/1995/1
Q6359606,ev0000764/1996/1
Q6359608,ev0000764/1997/1
Q6359613,ev0000764/1999/1
Q6359617,ev0000764/2001/1
Q6359624,ev0000764/2005/1
Q6359626,ev0000764/2006/1
Q6359266,ev0000978/2003/1
Q6359273,ev0000978/2007/1
Q6359278,ev0000978/2009/1
Q6359672,ev0000993/1980/1
Q6359674,ev0000993/1981/1
Q6359698,ev0000993/1992/1
Q6367072,ev0000001/1988
Q6367028,ev0000001/1991
Q6367033,ev0000001/1992
Q6367061,ev0000001/1995
Q6366943,ev0000001/2006
Q6366981,ev0000846/2009/1
Q6366885,ev0000846/2010/1
Q6367074,ev0000846/2011/1
Q6366243,ev0001633/2011
Q6667549,ev0000401/1974
Q6667562,ev0000401/1984
Q6667565,ev0000401/1987
Q6667566,ev0000401/1988
Q6667569,ev0000401/1990
Q6667572,ev0000401/1991
Q6682174,ev0000407/1986
Q6682177,ev0000407/1987
Q6682194,ev0000407/1993
Q6682210,ev0000407/2001
Q6682213,ev0000407/2002
Q11600433,ev0000655/1985
Q11600339,ev0000655/2004
Q11867970,ev0000380/1944
Q11867977,ev0000380/1985
Q11867978,ev0000380/1996
Q11867979,ev0000380/1999
Q11867986,ev0000380/2011
Q11867984,ev0000380/2013
Q12062001,ev0000444/2008
Q12398186,ev0000993/1997/1
Q12398172,ev0003686/2011
Q13403662,ev0000450/2013
Q13634270,ev0000203/2013
Q15150192,ev0000588/2013
Q15728822,ev0001942/2014/1
Q15812526,ev0000290/2014
Q16581118,ev0000369/1950
Q16581126,ev0000369/1953
Q16581168,ev0000369/1967
Q16581184,ev0000369/1972
Q16581212,ev0000369/1982
Q18208614,ev0000091/2015
Q18693479,ev0000380/1998
Q18693489,ev0000380/2008
Q18631599,ev0000709/2010
Q18696760,ev0001574/2014
Q18759893,ev0000380/1962
Q18757984,ev0000865/2015
Q20543762,ev0003686/2005
Q21693260,ev0000407/2015
Q21925309,ev0000558/2016
Q31214332,ev0004405/2017
Q24056973,ev0000001/1952
Q24058089,ev0000038/2014
Q24051390,ev0000764/2013/1
Q24052053,ev0000764/2015/1
Q24052202,ev0000846/2016/1
Q24051561,ev0000978/2014/1
Q24048762,ev0000993/1995/1
Q24048809,ev0000993/2009/1
Q24048805,ev0001175/1972/1
Q24870407,ev0002542/2016
Q26708774,ev0000179/1952/1
Q26183584,ev0000433/2015
Q26183008,ev0000674/2009
Q26180461,ev0001175/1984/1
Q29267023,ev0002643/2017
Q29642208,ev0000078/1973
Q29639297,ev0000078/2013
Q30114925,ev0000078/2005
Q30278331,ev0000078/2012
Q30585227,ev0000078/1956
Q30925043,ev0002541/2016
Q31213762,ev0001871/2018
Q47541406,ev0000897/1999
Q43007641,ev0000078/1971
Q50378272,ev0000203/2018
Q45347017,ev0000299/2018/1
Q50709456,ev0000078/1983
Q50945349,ev0000078/1984
Q50945387,ev0000078/1984
Q51630726,ev0000078/1990
Q51441804,ev0000038/2018
Q51600153,ev0000179/1961/1
Q54237573,ev0000001/2018
Q59456966,ev0000003/2019
Q62245733,ev0002643/2019
Q62390774,ev0000179/1981/1
Q62666161,ev0004405/2019
Q64655317,ev0000147/2020
Q64706851,ev0000259/1988/1
Q64769239,ev0000259/1996/1
Q65036776,ev0002237/2019
Q66124314,ev0000179/1993/1
Q67204746,ev0000179/2001/1
Q67679406,ev0000179/2004/1
Q69587965,ev0000259/1974/1
Q70612977,ev0000179/2012/1
Q70940639,ev0004405/2020
Q71729230,ev0000179/2014/1
Q72446333,ev0000179/2015/1
Q80117167,ev0000259/1971/1
Q80368130,ev0000259/1963/1
Q85584235,ev0003554/2019
Q86733869,ev0001002/2016
Q86840027,ev0000988/1958/1
Q87265718,ev0000988/1959/1
Q87347409,ev0000988/1960/1
Q87486143,ev0000988/1997/1
Q89036072,ev0000988/1967/1
Q89682809,ev0000988/1989/1
Q89890604,ev0000988/1992/1
Q89915487,ev0000988/1995/1
Q90148680,ev0000988/2020/1
Q94959043,ev0001615/1986
Q95688956,ev0001295/2009
Q95967195,ev0000756/2009
Q95997455,ev0001615/1991
Q97503024,ev0000588/1973
Q98072601,ev0000588/1975
Q97579342,ev0000038/1991
Q97579344,ev0000038/1998
Q97579347,ev0000038/1999
Q97579350,ev0000038/2002
Q97629971,ev0000001/2020
Q98228042,ev0001051/2001
Q98456913,ev0003647/2008
Q98446113,ev0003647/2009
Q98608073,ev0003647/2001
Q99618570,ev0002753/2014
Q99695391,ev0002753/2011
Q99902342,ev0002753/2006
Q99982226,ev0000472/1945
Q100154480,ev0000472/1946
Q100269254,ev0000472/1948
Q100510847,ev0000472/1953
Q100700973,ev0000472/1966
Q101143706,ev0000588/1984
Q101112430,ev0000674/1983
Q101483802,ev0000674/1987
Q101566707,ev0000674/1988
Q102183302,ev0000588/1992
Q104006259,ev0000674/1998
Q104126203,ev0000674/2002
Q104177566,ev0000674/2006
Q104511928,ev0000399/1999
Q104588125,ev0000155/1976
Q104553388,ev0000399/2002
Q104682572,ev0000155/1981
Q104633243,ev0000399/2005
Q104733755,ev0000399/2011
Q104845238,ev0000155/1992
Q104889727,ev0000674/2018
Q105015854,ev0000155/1998
Q105086317,ev0000155/2003
Q105168288,ev0000155/2007
Q105273448,ev0000155/2011
Q105947406,ev0000001/1979
Q105998841,ev0000001/1983
Q106254016,ev0000203/2021
Q107526152,ev0000147/2022
Q109221389,ev0000756/2021
Q109599001,ev0000655/2021
Q109617276,ev0000764/2021
Q110516983,ev0002753/2019
Q110443067,ev0002753/2020
Q110442959,ev0002753/2021
Q110613109,ev0000010/2021
Q110883493,ev0000038/2020
Q110971069,ev0001625/2019
Q111046491,ev0000259/2022
Q111971111,ev0000681/2022
Q112628851,ev0000369/2022
Q24103,ev0000157/1980
Q47193,ev0000003/1984
Q63294,ev0000292/1979
Q82111,ev0000091/2008
Q221467,ev0000003/1970
Q221058,ev0000147/1965
Q508662,ev0000003/1932
Q245949,ev0000157/2011
Q249397,ev0000292/2010
Q264139,ev0000147/1991
Q276733,ev0000157/1997
Q262687,ev0000292/1950
Q304223,ev0000147/1983
Q304162,ev0000147/1989
Q334887,ev0000157/1999
Q374624,ev0000230/2004
Q457778,ev0000091/1994
Q472679,ev0000091/1987
Q499580,ev0000157/2002
Q499544,ev0000230/2011
Q524055,ev0000091/1996
Q550895,ev0000091/1971
Q550964,ev0000091/1980
Q585310,ev0000230/2002
Q639202,ev0000292/2000
Q614342,ev0001574/2012
Q753167,ev0000003/2002
Q779937,ev0000147/1956
Q766419,ev0000147/1977
Q777943,ev0000230/2003
Q774025,ev0000299/2004
Q917159,ev0000003/1945
Q900505,ev0000157/1990
Q896946,ev0000157/1996
Q938235,ev0000003/1986
Q930208,ev0000123/1993
Q924773,ev0000147/1953
Q927025,ev0000147/1974
Q929661,ev0000147/1992
Q933940,ev0000147/1998
Q1047707,ev0000147/1949
Q1047840,ev0000147/1958
Q1090945,ev0000091/2013
Q1278011,ev0000292/1949
Q1338970,ev0000223/2010
Q1377793,ev0000230/2007
Q1534960,ev0000292/1987
Q1647500,ev0000223/1969
Q2087517,ev0000123/1988
Q2097771,ev0000223/1967
Q2334893,ev0000230/2000
Q2338528,ev0000786/2011
Q2483634,ev0000123/1962
Q2458514,ev0000299/2010/1
Q2456163,ev0000299/2011/1
Q2539108,ev0000292/1982
Q2602412,ev0000123/1949
Q2629123,ev0000123/1955
Q2639007,ev0000223/1979
Q2698121,ev0000123/2004
Q2714604,ev0000123/1981
Q2712282,ev0000299/2012/1
Q2818385,ev0000786/2002
Q2818389,ev0000865/2002
Q2807147,ev0000865/2006
Q2808901,ev0000865/2012
Q2809654,ev0000865/2012
Q2815867,ev0001985/2008
Q2818390,ev0002541/2011
Q3070192,ev0000588/2002
Q3703394,ev0000203/1960
Q3703401,ev0000203/1967
Q3703402,ev0000203/1968
Q3703407,ev0000203/1974
Q3703415,ev0000203/1982
Q3703420,ev0000203/1987
Q3703433,ev0000203/1999
Q3703435,ev0000203/2001
Q3703446,ev0000203/2011
Q3870532,ev0000369/2006
Q3837266,ev0000407/1976
Q4030540,ev0000450/2007
Q4053309,ev0000450/1995
Q4053360,ev0000450/1997
Q4053352,ev0000450/2005
Q4597775,ev0000887/2000
Q4600407,ev0000887/2002
Q5280696,ev0000212/2005
Q5400328,ev0000380/1989
Q6352966,ev0000001/1947
Q6367067,ev0000001/1993
Q6366925,ev0000001/2002
Q6353282,ev0000001/2010
Q6359336,ev0000038/1943
Q6351634,ev0000259/1991/1
Q6351637,ev0000259/1998/1
Q6359532,ev0000764/1961/1
Q6359542,ev0000764/1966/1
Q6359543,ev0000764/1967/1
Q6366867,ev0000846/2004/1
Q6366998,ev0000846/2007/1
Q6367013,ev0000846/2012/1
Q6359264,ev0000978/2002/1
Q6359438,ev0000978/2012/1
Q6359691,ev0000993/1989/1
Q6359707,ev0000993/1996/1
Q6343010,ev0001175/1990/1
Q6343012,ev0001175/1990/1
Q6343031,ev0001175/1998/1
Q6343043,ev0001175/2002/1
Q6352968,ev0001633/2007
Q6366233,ev0001633/2012
Q6667554,ev0000401/1977
Q6667558,ev0000401/1980
Q6682157,ev0000407/1978
Q6682180,ev0000407/1988
Q6682182,ev0000407/1989
Q6682203,ev0000407/1998
Q11601488,ev0000655/1992
Q11867969,ev0000380/1950
Q11867972,ev0000380/1956
Q11867974,ev0000380/1963
Q11867981,ev0000380/2006
Q15924593,ev0000786/2014
Q16482499,ev0000887/2014
Q16581113,ev0000369/1948
Q16581124,ev0000369/1952
Q16581141,ev0000369/1958
Q16581231,ev0000369/1989
Q17001518,ev0000038/1944
Q16972369,ev0000407/1997
Q18412051,ev0000290/2015
Q18337454,ev0000655/2014
Q18631601,ev0000709/2013
Q18693487,ev0000380/2004
Q18759882,ev0000380/1949
Q18814867,ev0000380/1984
Q18759899,ev0000380/2015
Q19574439,ev0000223/2015
Q20022969,ev0000003/2016
Q20053822,ev0000353/1990
Q21511284,ev0003554/2014
Q21775808,ev0001778/2016
Q23296542,ev0000179/1947/1
Q23418558,ev0000179/1949/1
Q23654338,ev0000631/1994
Q24048787,ev0000764/1957/1
Q24048765,ev0000993/1977/1
Q24048825,ev0001175/2008/1
Q24051878,ev0000846/2015/1
Q24057612,ev0001633/2013
Q24261058,ev0000001/2016
Q24636843,ev0000003/2018
Q24905817,ev0000001/1973
Q26010974,ev0002643/2014
Q26180493,ev0000259/1985/1
Q26183129,ev0000846/2014/1
Q26180612,ev0001175/2010/1
Q28062627,ev0000925/2016
Q28309650,ev0000179/1955/1
Q28782499,ev0000367/2012
Q29639255,ev0002237/2016
Q29900298,ev0000078/1998
Q30103155,ev0000078/2003
Q30224288,ev0000078/2010
Q30234920,ev0000078/2011
Q30636314,ev0000010/1987
Q30924968,ev0002542/2017
Q32860373,ev0000078/1962
Q33109356,ev0000290/2018
Q39283625,ev0000078/1967
Q43011609,ev0000078/1972
Q43025950,ev0000078/1975
Q45363134,ev0000078/1979
Q47351325,ev0002542/2018
Q47466761,ev0000230/2018
Q51077230,ev0000988/2013/1
Q51630770,ev0000078/1991
Q51630779,ev0000078/1992
Q54864313,ev0000764/2016/1
Q55436055,ev0000147/2019
Q55673283,ev0001633/2017
Q56434462,ev0000179/1965/1
Q59286956,ev0000157/2019
Q59594980,ev0000407/2018
Q60034785,ev0000230/2019
Q60197571,ev0000865/2019
Q60772754,ev0000659/2019
Q60789719,ev0000681/2019
Q60988054,ev0001985/2018
Q60997509,ev0002541/2018
Q62535135,ev0000179/1982/1
Q63413536,ev0000179/1984/1
Q64242986,ev0000179/1985/1
Q64409989,ev0000259/2019/1
Q64774008,ev0000259/1999/1
Q64776474,ev0000259/2000/1
Q65235940,ev0000380/1972
Q65235946,ev0000380/1973
Q67187228,ev0000179/1999/1
Q68483080,ev0000259/1981/1
Q69580701,ev0000259/1975/1
Q69821654,ev0000179/2009/1
Q70085841,ev0000091/2020
Q70779191,ev0000179/2013/1
Q75204866,ev0000988/2008/1
Q80314711,ev0000259/1966/1
Q80597742,ev0000259/1959/1
Q80675504,ev0000259/1957/1
Q80675077,ev0000259/1958
Q82336200,ev0001778/2020
Q83857242,ev0000179/2020/1
Q84316335,ev0000988/2003/1
Q86738843,ev0001002/2020
Q88103104,ev0000988/1976/1
Q88313843,ev0000988/1978/1
Q89195336,ev0000988/1963/1
Q89592312,ev0000988/1988/1
Q94425364,ev0001295/2003/1
Q94643745,ev0001295/2004/1
Q95960089,ev0001615/1990
Q96110438,ev0001615/1993
Q96279359,ev0001295/2014
Q97035161,ev0001295/2020
Q97579348,ev0000038/2000
Q97579351,ev0000038/2003
Q98273200,ev0000588/1976
Q98412910,ev0003647/2010
Q98534674,ev0003647/2005
Q99543953,ev0002753/2015
Q99655656,ev0002753/2013
Q99913382,ev0000472/1944
Q100173398,ev0002753/2001
Q100361070,ev0000472/1951
Q100605752,ev0000472/1960
Q100605858,ev0000472/1961
Q100710355,ev0000472/1972
Q101239781,ev0000588/1985
Q101392302,ev0000588/1986
Q101536728,ev0000588/1988
Q104033438,ev0000674/1999
Q104161383,ev0000674/2004
Q104420306,ev0000399/1997
Q104537023,ev0000399/2001
Q104664710,ev0000155/1980
Q104643159,ev0000399/2006
Q104665946,ev0000399/2007
Q104714690,ev0000155/1983
Q104870008,ev0000155/1993
Q104889122,ev0000155/1994
Q105046770,ev0000978/2020
Q105320967,ev0000155/2013
Q106464775,ev0003686/2021
Q109360093,ev0001002/2021
Q110918223,ev0000038/2021
Q115792815,ev0000978/2022
Q24107,ev0000157/1978
Q45510,ev0002542/2006
Q63466,ev0000091/1997
Q73752,ev0000292/1975
Q82106,ev0000091/2002
Q125708,ev0000292/1993
Q178975,ev0000003/1959
Q180675,ev0000003/2012
Q202496,ev0000123/2008
Q215132,ev0000003/2008
Q262558,ev0000407/2011
Q369706,ev0000003/1975
Q508390,ev0000003/1939
Q516479,ev0000003/1954
Q550922,ev0000091/1966
Q550941,ev0000091/1975
Q550955,ev0000091/1981
Q572335,ev0000091/2009
Q598055,ev0000147/1957
Q604085,ev0000157/1983
Q663066,ev0000123/1972
Q731299,ev0000123/1999
Q726534,ev0000230/2008
Q730491,ev0000292/2002
Q910856,ev0000003/1991
Q897601,ev0000147/1964
Q897539,ev0000147/1971
Q896955,ev0000157/1989
Q917174,ev0000003/1947
Q917138,ev0000003/1965
Q950641,ev0000292/1945
Q979121,ev0000292/1954
Q1049019,ev0000147/1995
Q1045972,ev0000147/2002
Q1122380,ev0000223/2005
Q1228668,ev0000292/1947
Q1338861,ev0000223/2001
Q1377794,ev0000230/2006
Q1462572,ev0000292/1976
Q1534967,ev0000292/1990
Q1667150,ev0000681/2002
Q1771236,ev0000223/1983
Q1774372,ev0000786/1996
Q1773796,ev0000786/1998
Q1859057,ev0000230/1995
Q2063066,ev0000123/1957
Q2192803,ev0000223/1975
Q2332411,ev0000223/1971
Q2303715,ev0000292/1971
Q2601804,ev0000123/1948
Q2609762,ev0000123/2000
Q2636505,ev0000230/1993
Q2690424,ev0000123/2013
Q2710777,ev0000123/1984
Q2698009,ev0000123/2005
Q2818798,ev0000865/2004
Q2817835,ev0001985/2011
Q3070190,ev0000588/1980
Q3070193,ev0000588/2003
Q3325020,ev0000681/1991
Q3703392,ev0000203/1958
Q3703396,ev0000203/1962
Q3703397,ev0000203/1963
Q3703408,ev0000203/1975
Q3703414,ev0000203/1981
Q3703418,ev0000203/1985
Q3703428,ev0000203/1995
Q3703430,ev0000203/1997
Q3703434,ev0000203/2000
Q3703437,ev0000203/2003
Q3870536,ev0000369/2009
Q3910307,ev0000223/1988
Q4635469,ev0000716/2013
Q4601745,ev0000887/2003
Q5280693,ev0000212/2003
Q5936925,ev0000747/2009
Q6353001,ev0000001/1946
Q6367055,ev0000001/1996
Q6366932,ev0000001/2007
Q6353276,ev0000001/2011
Q6353288,ev0000001/2012
Q6351329,ev0000155/2009
Q6351631,ev0000259/1987/1
Q6351644,ev0000259/2005/1
Q6359562,ev0000764/1976/1
Q6359566,ev0000764/1978/1
Q6359594,ev0000764/1990/1
Q6359629,ev0000764/2007/1
Q6359281,ev0000978/2010/1
Q6359283,ev0000978/2011/1
Q6359685,ev0000993/1986/1
Q6359704,ev0000993/1994/1
Q6359712,ev0000993/2012/1
Q6343055,ev0001175/2006/1
Q6353002,ev0001633/2006
Q6352983,ev0001633/2009
Q6667544,ev0000401/1968
Q6667548,ev0000401/1972
Q6667555,ev0000401/1978
Q6667573,ev0000401/1992
Q6667580,ev0000401/1997
Q6667586,ev0000401/2000
Q6667587,ev0000401/2001
Q6667591,ev0000401/2004
Q6667604,ev0000401/2011
Q6667606,ev0000401/2012
Q6682155,ev0000407/1977
Q6682159,ev0000407/1979
Q9128217,ev0000887/2009
Q9128726,ev0000887/2011
Q8036253,ev0000756/2007
Q11601968,ev0000655/1996
Q11600232,ev0000655/2001
Q11600305,ev0000655/2003
Q11600589,ev0000655/2009
Q11600640,ev0000655/2011
Q8678615,ev0000123/1958
Q11867982,ev0000380/2007
Q15910953,ev0000517/2001
Q12398190,ev0000993/2004/1
Q12398189,ev0000993/2005/1
Q15210175,ev0000091/2014
Q15139147,ev0000292/2014
Q15614773,ev0001778/2014
Q15617108,ev0003554/2013
Q16581110,ev0000369/1947
Q16581135,ev0000369/1956
Q16581153,ev0000369/1962
Q16581189,ev0000369/1974
Q16581195,ev0000369/1976
Q16581226,ev0000369/1987
Q16581266,ev0000369/2013
Q14508758,ev0000993/2001/1
Q16395511,ev0000223/2014
Q18236831,ev0001182/1997
Q17278465,ev0000292/2015
Q18413356,ev0000709/2008
Q18413357,ev0000709/2009
Q18413359,ev0000709/2012
Q17509526,ev0000038/1945
Q18459357,ev0001985/2013
Q18759875,ev0000380/1945
Q18759897,ev0000380/1995
Q18702347,ev0001778/2015
Q20543780,ev0003686/2007
Q20543813,ev0003686/2015
Q20255670,ev0000380/1987
Q20053829,ev0000353/1996
Q20053838,ev0000353/2014
Q20856811,ev0001781/2014
Q27941781,ev0001942/2017/1
Q20962120,ev0000380/1982
Q20962122,ev0000380/1988
Q20916725,ev0000380/1991
Q20916729,ev0000380/1992
Q23728212,ev0000038/2016
Q23296510,ev0000179/1948/1
Q24051082,ev0000978/2013/1
Q21713253,ev0000299/2016/1
Q24204092,ev0000147/2017
Q28445236,ev0000659/2017
Q26182765,ev0000259/2014/1
Q26182963,ev0000433/2013
Q26185679,ev0000433/2016
Q28056987,ev0000179/1954/1
Q30595427,ev0000001/1975
Q30594768,ev0000001/1998
Q30634025,ev0000010/1990
Q31867887,ev0000078/1958
Q28711908,ev0001574/2017
Q30080278,ev0000078/2001
Q30118985,ev0000078/2006
Q31213756,ev0001871/2016
Q30317995,ev0000078/1951
Q30334267,ev0000078/1955
Q29582332,ev0000078/2016
Q48562462,ev0000988/2014/1
Q39373381,ev0000450/2017
Q50642160,ev0002643/2018
Q44475296,ev0000123/2018/1
Q51157796,ev0000179/1960/1
Q50316067,ev0000179/2017/1
Q54833667,ev0002500/2018
Q54864318,ev0000764/2017/1
Q51630824,ev0000078/1996
Q47462494,ev0001942/2018/1
Q59421090,ev0000179/1973/1
Q59456374,ev0001942/2019/1
Q59242744,ev0000299/2019/1
Q57246152,ev0000003/2021
Q60997542,ev0003554/2018
Q60542522,ev0002237/2010
Q60543109,ev0002237/2013
Q67200395,ev0000179/2000/1
Q77883886,ev0000407/2019
Q69511250,ev0000179/2008/1
Q69682357,ev0000259/1973/1
Q57955019,ev0000179/1969/1
Q65235951,ev0000380/1974
Q65235962,ev0000380/1977
Q73876780,ev0002512/2019
Q87655100,ev0000988/1994/1
Q87717272,ev0000988/1961/1
Q67528075,ev0000988/2009/1
Q63489869,ev0000764/2018/1
Q81090492,ev0000988/2007/1
Q86733731,ev0001002/2018
Q98365514,ev0003647/2020
Q88671584,ev0000988/1971/1
Q95979269,ev0000756/2013
Q95995258,ev0001295/2011
Q95900514,ev0001615/1989
Q94797984,ev0001295/2006
Q98708529,ev0003647/1997
Q87193816,ev0000988/1999/1
Q100721592,ev0015577/2019
Q99671787,ev0002753/2012
Q104396671,ev0000407/2020
Q89433069,ev0000988/1984/1
Q89481068,ev0000988/1985/1
Q89806056,ev0000988/1991/1
Q104523763,ev0000399/2000
Q99763415,ev0000472/1942
Q99757314,ev0002753/2009
Q96197543,ev0001615/1994
Q83737376,ev0000846/2018/1
Q83738139,ev0000846/2019/1
Q101042366,ev0002512/2020
Q97579343,ev0000038/1997
Q97579353,ev0000038/2005
Q97579359,ev0000038/2008
Q104716410,ev0000399/2010
Q105716489,ev0000001/1953
Q93502317,ev0001295/2000
Q94142903,ev0001295/2002
Q105080335,ev0000155/2002
Q105125947,ev0000155/2006
Q105123668,ev0000681/2021
Q96770379,ev0000756/2014
Q97729638,ev0000588/1974
Q100555280,ev0000472/1955
Q100604484,ev0000472/1958
Q100700845,ev0000472/1965
Q100701014,ev0000472/1967
Q104764803,ev0000155/1986
Q104833486,ev0000155/1991
Q104762817,ev0000399/2012
Q104821818,ev0000399/2017
Q105362660,ev0000155/2015
Q105397481,ev0000155/2016
Q105438357,ev0000380/2021
Q106087369,ev0000001/1986
Q106097875,ev0000001/1987
Q102356138,ev0000674/1994
Q106634748,ev0000450/2021
Q110168126,ev0014358/2020
Q107718641,ev0000588/2021
Q107622602,ev0002500/2021
Q105738238,ev0000001/1955
Q105770352,ev0000001/1958
Q105811241,ev0000988/2021
Q111524337,ev0000203/2022
Q111283598,ev0002512/2014
Q110970975,ev0001625/2022
Q115891338,ev0000157/2023
Q115683509,ev0000992/2023
Q114760129,ev0000674/2022
Q81767,ev0000091/2000
Q81775,ev0000091/2007
Q32204,ev0000091/1985
Q24110,ev0000157/1977
Q115233,ev0000292/1997
Q386281,ev0000147/1996
Q401612,ev0000157/2000
Q257443,ev0000003/1988
Q354236,ev0000299/1991/1
Q127732,ev0000292/1966
Q552223,ev0000091/1958
Q550901,ev0000091/1967
Q550910,ev0000091/1970
Q550948,ev0000091/1978
Q553210,ev0000147/2010
Q544668,ev0000786/2006
Q570921,ev0000003/1974
Q571110,ev0000091/1951
Q574075,ev0000091/2010
Q587298,ev0000147/1993
Q587393,ev0000157/2003
Q577982,ev0000292/1999
Q508513,ev0000003/1940
Q614408,ev0000003/1953
Q593901,ev0000147/1961
Q679138,ev0000230/1991
Q683766,ev0000292/2006
Q691372,ev0000865/2005
Q728759,ev0000865/2001
Q746045,ev0000157/1992
Q534174,ev0000147/1962
Q634414,ev0000147/1981
Q785043,ev0000147/1946
Q857001,ev0000003/1995
Q903494,ev0000003/1996
Q897534,ev0000147/1970
Q897744,ev0000147/1985
Q898310,ev0000147/1987
Q887186,ev0000292/2004
Q918700,ev0000123/2011
Q922048,ev0000147/1976
Q933225,ev0000223/1994
Q926541,ev0000681/1999
Q937162,ev0000003/1971
Q952344,ev0000292/1967
Q977225,ev0001778/2011
Q1038973,ev0000123/2001
Q1088627,ev0000147/2008
Q1072773,ev0000558/2007
Q1110415,ev0000203/1972
Q1288987,ev0000223/1958
Q1338803,ev0000223/1949
Q1338977,ev0000223/2012
Q1337021,ev0000681/2011
Q1412304,ev0000299/2002/1
Q1534963,ev0000292/1988
Q1548462,ev0000681/2000
Q1645759,ev0000223/1961
Q1647480,ev0000223/1968
Q1765829,ev0000223/1980
Q1774377,ev0000786/1997
Q2312567,ev0000292/1969
Q2397212,ev0000709/2001
Q2632454,ev0000123/2003
Q2710398,ev0000123/1985
Q2710431,ev0000123/1986
Q2815002,ev0000123/1969
Q2817020,ev0000786/1999
Q2806862,ev0000786/2005
Q2818125,ev0001985/2012
Q2815871,ev0003554/2012/2
Q3703398,ev0000203/1964
Q3703403,ev0000203/1969
Q3703411,ev0000203/1978
Q3703424,ev0000203/1991
Q3703429,ev0000203/1996
Q3703443,ev0000203/2008
Q3787359,ev0000517/2000
Q3837264,ev0000407/1975
Q3870531,ev0000369/2005
Q4053337,ev0000450/1993
Q4604769,ev0000887/2005
Q4606819,ev0000887/2006
Q4609150,ev0000887/2007
Q5280699,ev0000212/2007
Q5280700,ev0000212/2008
Q5409710,ev0000380/1964
Q6343023,ev0001175/1995/1
Q6343033,ev0001175/1999/1
Q6343039,ev0001175/2001/1
Q6353299,ev0000001/2009
Q6351331,ev0000155/2010
Q6351626,ev0000259/1984/1
Q6351633,ev0000259/1990/1
Q6351655,ev0000259/2011/1
Q6359529,ev0000764/1959/1
Q6359554,ev0000764/1972/1
Q6359558,ev0000764/1974/1
Q6359568,ev0000764/1979/1
Q6359581,ev0000764/1984/1
Q6359596,ev0000764/1991/1
Q6359597,ev0000764/1992/1
Q6359610,ev0000764/1998/1
Q6366229,ev0000846/1998/1
Q6366987,ev0000846/2008/1
Q6359256,ev0000978/1999/1
Q6359667,ev0000993/1978/1
Q6359678,ev0000993/1983/1
Q6359687,ev0000993/1987/1
Q6359690,ev0000993/1988/1
Q6667535,ev0000401/1960
Q6667539,ev0000401/1964
Q6667557,ev0000401/1979
Q6667559,ev0000401/1981
Q6667561,ev0000401/1983
Q6667568,ev0000401/1989
Q6667575,ev0000401/1994
Q6667583,ev0000401/1998
Q6667600,ev0000401/2009
Q6682164,ev0000407/1982
Q6682171,ev0000407/1985
Q6682196,ev0000407/1994
Q6682198,ev0000407/1995
Q8036250,ev0000756/2004
Q8036255,ev0000756/2012
Q9128504,ev0000887/2010
Q9128899,ev0000887/2012
Q11600356,ev0000407/1992
Q11600535,ev0000655/2007
Q12398183,ev0000764/2008/1
Q12398184,ev0000993/2000/1
Q12398191,ev0000993/2006/1
Q16581115,ev0000369/1949
Q16581121,ev0000369/1951
Q16581170,ev0000369/1968
Q16581187,ev0000369/1973
Q16581192,ev0000369/1975
Q16581197,ev0000369/1977
Q16581223,ev0000369/1986
Q16581238,ev0000369/1991
Q16581245,ev0000369/1993
Q17636916,ev0000369/1981
Q17636924,ev0000369/2014
Q18214748,ev0000588/2014
Q18413354,ev0000709/2005
Q18693483,ev0000380/2001
Q18693493,ev0000380/2010
Q18814861,ev0000380/1966
Q18814865,ev0000380/1971
Q19376152,ev0001985/2014
Q19863448,ev0000010/1999
Q19952555,ev0000353/1992
Q20053821,ev0000353/1989
Q20543769,ev0003686/2006
Q22128632,ev0000655/2015
Q23045113,ev0000380/2016
Q24057073,ev0000038/1946
Q24059732,ev0000038/2004
Q24048763,ev0000993/1990/1
Q24048806,ev0001175/1964/1
Q26013125,ev0002643/2015
Q26180492,ev0000259/1983/1
Q27033450,ev0000588/2016
Q27960576,ev0000407/2016
Q28018401,ev0000299/2017/1
Q27965051,ev0000716/2015
Q28404230,ev0000001/2015
Q28445205,ev0000681/2017
Q30312374,ev0000078/1950
Q30321653,ev0000078/1953
Q30634977,ev0000010/1989
Q40734193,ev0000655/2017
Q42014424,ev0000925/2017
Q44446839,ev0000078/1976
Q44514249,ev0000078/1977
Q44613653,ev0000407/2017
Q45356654,ev0000865/2018
Q47089396,ev0000179/1956/1
Q47415120,ev0002541/2017
Q48022811,ev0000179/1957/1
Q48194382,ev0000179/1958/1
Q50625490,ev0000078/1981
Q50939729,ev0000179/1959/1
Q51106205,ev0000078/1986
Q51285121,ev0000078/1987
Q51630802,ev0000078/1994
Q54864316,ev0000846/2017/1
Q56425899,ev0000179/1964/1
Q56526208,ev0000179/1966/1
Q59155715,ev0000179/1972/1
Q60425048,ev0000179/1977/1
Q60542662,ev0002237/2017
Q61455589,ev0000179/2019/1
Q61787549,ev0000203/2019
Q62666421,ev0001871/2019
Q63124512,ev0004260/2016
Q63184428,ev0000179/1983/1
Q64407866,ev0000259/2017/1
Q64409649,ev0000259/2018/1
Q65128938,ev0000907/2005
Q65235975,ev0000380/1979
Q65235991,ev0000380/1981
Q65276265,ev0003686/2019
Q65706309,ev0000588/2019/1
Q67155186,ev0000179/1996/1
Q67155254,ev0000179/1997/1
Q68476849,ev0000259/1982/1
Q69148630,ev0000179/2007/1
Q70691724,ev0000155/2019
Q72144889,ev0000299/2020
Q76880907,ev0001942/2020/1
Q80685544,ev0000259/1952/1
Q80681822,ev0000259/1955/1
Q83737368,ev0000988/2004/1
Q84716603,ev0000988/2002/1
Q85883053,ev0001985/2019
Q86043411,ev0000380/2020
Q86082463,ev0000988/2000/1
Q87196145,ev0000588/1965/1
Q89277987,ev0000988/1981/1
Q89588529,ev0000988/1987/1
Q90301485,ev0001512/2004/1
Q90412623,ev0001512/2005/1
Q92455650,ev0001295/1996/1
Q93138525,ev0001295/1998/1
Q93755390,ev0001295/2001/1
Q94698716,ev0001295/2005/1
Q95232845,ev0001295/2007
Q96060777,ev0000588/1969
Q96370244,ev0000659/2020
Q96585428,ev0001295/2016
Q96774975,ev0000756/2015
Q97099568,ev0000588/1972
Q97579467,ev0000846/2020
Q97707888,ev0000756/2018
Q98228044,ev0001051/2002
Q98211372,ev0001051/2010
Q98399133,ev0003647/2011
Q98557069,ev0003647/2003
Q98743666,ev0003647/1996
Q98833800,ev0003647/1992
Q98960485,ev0000588/1979
Q99513376,ev0002753/2016
Q100329198,ev0000472/1950
Q100605949,ev0000472/1962
Q100729382,ev0000472/1976
Q100997964,ev0000588/1982
Q101076442,ev0000588/1983
Q102047503,ev0000674/1990
Q102251174,ev0000588/1993
Q102221897,ev0000674/1992
Q103822085,ev0000588/1997
Q104119030,ev0001942/2021
Q104536726,ev0000155/1975
Q104631916,ev0000155/1978
Q104687019,ev0000399/2008
Q104778158,ev0000399/2014
Q104923393,ev0000674/2019
Q105045821,ev0000155/1999
Q105075361,ev0000155/2001
Q105104610,ev0000155/2005
Q106033633,ev0000001/1984
Q106336027,ev0000001/1999
Q106997659,ev0000369/2021
Q109796654,ev0000674/2021
Q110517008,ev0002753/2018
Q110971108,ev0001625/2018
Q116106584,ev0001942/2023
Q116692274,ev0000184/2023
Q1575270,ev0000681/1989
Q180876,ev0000681/1988
Q3325019,ev0000681/1987
Q1628032,ev0000681/1986
Q1628530,ev0000681/1985
Q115857805,ev0002753/2022/1
Q116838427,ev0000179/2023
Q116847838,ev0000259/2023
Q116863507,ev0000988/2023
Q116864343,ev0015577/2023
Q116788701,ev0000846/2023
Q113006582,ev0000091/2023
Q113668741,ev0000038/2022
Q117088191,ev0003686/2023
Q117075410,ev0002643/2023
Q117315483,ev0003647/2023
Q115897999,ev0000230/2023
Q117747733,ev0005773/2019
Q117350216,ev0000203/2023
Q115484744,ev0000147/2023
Q3325014,ev0000681/1979
Q1748253,ev0000681/1980
Q1639523,ev0000681/1981
Q947598,ev0000681/1982
Q3325018,ev0000681/1983
Q46598,ev0000681/1984
Q6066126,ev0002419/2006
Q6089359,ev0002419/2007
Q6097690,ev0002419/2008
Q6097838,ev0002419/2009
Q6095908,ev0002419/2010
Q31187808,ev0002419/2011
Q6096093,ev0002419/2012
Q21526994,ev0002419/2013
Q21526995,ev0002419/2014
Q118955451,ev0002419/2015
Q31190478,ev0002419/2016
Q61073428,ev0002419/2017
Q61077689,ev0002419/2018
Q97237396,ev0002419/2019
Q118955833,ev0002419/2020
Q118956481,ev0002419/2021
Q118958334,ev0002419/2022
Q6062219,ev0002419/2005
Q3325012,ev0000681/1972
Q119285427,ev0000369/2023
Q3324994,ev0000681/1960
Q3324997,ev0000681/1961
Q3325001,ev0000681/1962
Q3325002,ev0000681/1963
Q4375389,ev0000681/1964
Q3325003,ev0000681/1965
Q3325004,ev0000681/1966
Q3325007,ev0000681/1967
Q3325008,ev0000681/1968
Q3325009,ev0000681/1969
Q3325011,ev0000681/1970
Q117315857,ev0000681/2023
Q120097185,ev0000001/2023
Q117886642,ev0000038/2023
Q112946875,ev0001633/2022
Q121493554,ev0001633/2023
Q3324995,ev0000681/1959
Q3324992,ev0000681/1958
Q939281,ev0000681/1957
Q3324993,ev0000681/1956
Q2595489,ev0000681/1955
Q2481922,ev0000681/1954
Q2481931,ev0000681/1953
Q2481942,ev0000681/1952
Q2433773,ev0000681/1951
Q2433762,ev0000681/1950
Q2433754,ev0000681/1949
Q647371,ev0000681/1948
Q2245019,ev0000681/1947
Q122451913,ev0000155/2023
Q114212593,ev0000155/2022
Q122957264,ev0000674/2023
Q123246957,ev0000764/2023
Q123302210,ev0000978/2023
Q123361196,ev0000756/2023
Q120671851,ev0000588/2023
Q113213528,ev0000588/2022
Q123504954,ev0001942/2024
Q124130204,ev0000259/2024
Q124157323,ev0000179/2024
Q123436210,ev0002753/2023/1
Q124208382,ev0015577/2024
Q124323581,ev0000184/2024
Q124349783,ev0000988/2024
Q117178653,ev0000091/2024
Q124431693,ev0000846/2024
Q124653533,ev0003647/2024
Q124988281,ev0001625/2024
Q114101035,ev0001625/2023
Q125166006,ev0003686/2024
Q104185793,ev0000865/2021
Q115707879,ev0000865/2023
Q123745037,ev0000157/2024
Q123846583,ev0000865/2024
Q110163421,ev0000865/2022
Q119141934,ev0000147/2024
Q113876672,ev0000794/2022
Q110235796,ev0000626/2021
Q114153730,ev0001551/2022
Q124392624,ev0000626/2023
Q122810978,ev0001551/2023
Q122423444,ev0000055/2023
Q120735045,ev0000878/2019
Q111902728,ev0000380/2022
Q116445692,ev0000380/2023
Q125581573,ev0000380/2024
Q124803271,ev0002643/2024
Q125357530,ev0000203/2024
